{"cameraMode":{"drawMode":0,"name":"Shaded","section":"Shading Mode"},"sceneLighting":true,"audioPlay":false,"sceneViewState":{"m_AlwaysRefresh":false,"showFog":true,"showSkybox":true,"showFlares":true,"showImageEffects":true,"showParticleSystems":true,"showVisualEffectGraphs":true,"m_FxEnabled":true},"in2DMode":false,"pivot":{"x":422.9142150878906,"y":621.1566772460938,"z":495.13385009765627},"rotation":{"x":-0.24672268331050874,"y":-0.46926695108413699,"z":0.13842882215976716,"w":-0.8365539312362671},"size":798.9426879882813,"orthographic":true}